ID,Brand,Model,Motor,Name,Power,Torque,Weight
15,Audi,S3,8V Sedan (2013-present),AUDI S3 SEDAN (TYPE 8V) (2013-present),10.4,13.4,4.2
57,Audi,A4,B8 3.0 TFSI Sedan/Avant (2009-2015),Audi/A4/B8 3.0 TFSI Sedan/Avant (2009-2015) ,14.2,22,1.2
68,Audi,A5,B8 3.0 TFSI Sportback (2011-2015),Audi A5 B8 3.0 TFSI Sportback (2011-2015) ,15.3,17.4,4.8
72,Audi,A5,B8 3.0 TFSI Coupe/Cabriolet (2011-2015),Audi/A5/B8 3.0 TFSI Coupe/Cabriolet (2011-2015),14.2,22,1.2
74,Audi,A4,B8 1.8/2.0 TFSI Sedan/Avant (2008-2015),Audi/A4/B8 1.8 TFSI Sedan/Avant (2008-2015),8.4,13.8,2.1
76,Audi,A4,B8 2.0 TFSI Sedan/Avant (2008-2015),Audi/A4/B8 2.0 TFSI Sedan/Avant (2008-2015),11,19.3,2.1
110,Audi,S4,B8 3.0 TFSI Sedan/Avant (2008-2015),Audi/S4/B8 3.0 TFSI Sedan/Avant (2008-2015),17.4,24.2,1.2
111,Audi,S5,B8 3.0 TFSI V6 Coupe/Cabriolet (2009-2015),Audi/S5/B8 3.0 TFSI Coupe'/Cabriolet (2009-2015),12.4,15.2,1.2
112,Audi,S5,B8 4.2 V8 FSI Coupe/Cabriolet (2007-2012),Audi/S5/B8 4.2 V8 FSI Coupe'/Cabriolet (2007-2012),12.4,15.2,3.7
113,Audi,S5,B8 3.0 TFSI Sportback (2009-2015),Audi/S5/B8 3.0 TFSI Sportback (2009-2015),12.4,15.2,1.2
118,Audi,RS4,B8 4.2 V8 FSI (2012-2015),Audi/RS4/B8 4.2 V8 FSI (2012-2015),16.6,18.1,1.8
119,Audi,RS5,B8 4.2 V8 FSI (2010-2015),Audi/RS5/B8 4.2 V8 FSI (2010-2015),17.8,18.1,2.2
124,Audi,A6,C7 3.0 TFSI (2011-present),Audi A6 C7 3.0 TFSI (2011-Present),12,18.5,5.2
125,Audi,A7,C7 3.0 TFSI (2012-present),Audi/A7/C7 3.0 TFSI (2012-Present),12,18.5,5.2
127,Audi,RS6,C7 4.0 V8 Twin Turbo (2013-present),Audi/RS6/C7 4.0 V8 Twin Turbo (2013-present) ,9.3,15.2,1.2
128,Audi,RS7,C7 4.0 V8 Twin Turbo (2013-present),Audi/RS7/C7 4.0 V8 Twin Turbo (2013-present),9.3,15.2,1.2
134,Audi,S3,8V Sportback (2013-present),Audi/S3/8V Sportback (2013-present),10.4,13.4,2.4
137,Audi,R8,MKI V10 5.2 FSI Coupe/Spider (2009-2012),Audi/R8/MKI V10 5.2 FSI Coup??/Spider (2009-2012),20.7,22.3,21.7
138,Audi,RS3,8V Sportback (2015-present),Audi/RS3/8V Sportback (2015-Present) ,19.2,25.7,3.1
140,Audi,R8,MKI Facelift V8 4.2 FSI Coupe/Spider (2013-2015),Audi/R8/MKI Facelift V8 4.2 FSI Coupe/Spider (2013-2015),16.6,18.1,21.5
141,Audi,R8,MKI V8 4.2 FSI Coupe/Spider (2007-2012),Audi/R8/MKI V8 4.2 FSI Coup??/Spider (2007-2012) ,16.6,18.1,21.5
142,Audi,TT,8J MKII 2.0 TFSI 2WD (2006-2014),Audi/TT/8J MKII 2.0 TFSI 2WD (2006-2014),11.2,19.3,10.7
143,Audi,TT,8J MKII 2.0 TFSI 4WD (2006-2014),Audi/TT/8J MKII 2.0 TFSI 4WD (2006-2014),11.2,19.3,10.7
144,Audi,TT,8J MKII 1.8 2.0 TFSI 4WD (2006-2014),Audi/TT/8J MKII 1.8 TFSI 4WD (2006-2014),9.5,12.9,10.7
145,Audi,TT,8J MKII 1.8 2.0 TFSI 2WD (2006-2014),Audi/TT/8J MKII 1.8 TFSI 2WD (2006-2014),9.5,12.9,10.7
146,Audi,TTS,8J MKII 2.0 TFSI 4WD (2008-2014),Audi/TTS/8J MKII 2.0 TFSI 4WD (2008-2014),14.4,19.3,10.3
147,Audi,TT,8S MKIII 1.8 2.0 TFSI Quattro (2015-present),Audi/TT/8S MKIII 1.8 2.0 TFSI Quattro (2015-present),9.5,12.9,10.7
148,Audi,TT,8S MKIII 1.8 2.0 TFSI 2WD (2015-present),Audi/TT/8S MKIII 1.8 2.0 TFSI 2WD (2015-present) ,15.3,18.4,2.6
149,Audi,TTS,8S MKIII 2.0 TFSI 4WD (2015-present),Audi/TTS/8S MKIII 2.0 TFSI 4WD,12,20.4,10.7
151,Audi,A5,B8 1.8 TFSI Sportback (2008-2015),Audi/A5/B8 1.8 TFSI Sportback (2008-2015) ,8.4,13.8,2.1
153,Audi,A5,B8 2.0 TFSI Sportback (2008-2015),Audi/A5/B8 2.0 TFSI Sportback (2008-2015) ,8.4,13.8,2.1
154,Audi,A5,B8 1.8 2.0 TFSI Coupe/Cabriolet (2008-2015),Audi/A5/B8 1.8 2.0 TFSI Coupe/Cabriolet (2008-2015) ,8.4,13.8,2.1
155,Audi,A5,B8 1.8 2.0 TFSI Sportback (2008-2015),Audi/A5/B8 1.8 2.0 TFSI Sportback (2008-2015),8.4,13.8,2.1
178,Audi,A4,B9  2.0 TFSI Sedan/Avant (2WD)(2016-present),Audi/A4/B9 2.0 TFSI Sedan/ Avant (2WD) (2016-present) ,12,21.1,3.5
186,Audi,S1,8X 2.0 TFSI Hatchback/Sportback,Audi/S1/8X 2.0 Hatchback/ Sportback (2015-present),11,14.3,3
1331,Audi,R8,MKII Coup? / Spyder / Plus 2016- V10 5.2 FSI,Audi R8 MKII V10 5.2 FSI Coup? / Spyder / Plus (2016 - ),17.5,19.2,20.6
1349,Audi,S4,B9 3.0 TFSI V6 turbocharged Sedan (2018-present),Audi/S4/B9 3.0 TFSI Sedan(2018-present),19.2,25.2,2.3
1358,Audi,S5,B9 3.0 TFSI V6 Coupe (2018-present),Audi/S5/B9 3.0 TFSI Sportback(2018-present),19.2,25.2,2.3
1375,Audi,RS4,B9 2.9 V6 Turbo (2017-present),Audi/RS4/B9 2.9 V6 Turbo (2017-present),19.8,25.8,2.8
1376,Audi,RS5,B9 Coupe 2.9 V6 Turbo (2017-present),Audi/RS5/B9 Coupe 2.9 V6 Turbo (2017-present),19.8,25.8,2.8
1377,Audi,RS3,8V Sedan (2017-present),Audi/RS3/8V Sedan (2017-Present) ,19.2,25.7,3.1
1378,Audi,A5,B9 2.0 TFSI Sportback 2WD (2016-present),Audi/A5/B9 2.0 TFSI Sportback 2WD (2016-present),12,21.1,3.5
1379,Audi,A5,B9 2.0 TFSI Sportback 4WD (2016-present),Audi/A5/B9 2.0 TFSI Sportback 4WD (2016-present),12,21.1,3.5
1392,Audi,R8,MKI Facelift V10 5.2 FSI Coupe/Spider (2013-2015),Audi/R8/MKI Facelift V10 5.2 FSI Coupe/Spider (2013-2015),16.6,18.1,21.5
1393,Audi,S7,C7 4.0 V8 twin turbo (2012-present),Audi/S7/C7 4.0 V8 Twin Turbo (2012-present),8.9,14.8,1.5
1394,Audi,S6,C7 4.0 V8 twin turbo (2012-present),Audi/S6/C7 4.0 V8 Twin Turbo (2012-present),8.9,14.8,1.5
1415,Audi,A4,B9 2.0 TFSI Sedan/Avant (4WD)(2016-present),Audi/A4/B9 2.0 TFSI Sedan/ Avant (4WD) (2016-present) ,12,21.1,3.5
1423,Audi,A5,B9 2.0 TFSI Coupe 2WD (2016-present),Audi/A5/B9 2.0 TFSI Coupe 2WD (2016-present),12,21.1,3.5
1424,Audi,A5,B9 2.0 TFSI Coupe 4WD (2016-present),Audi/A5/B9 2.0 TFSI Coupe 4WD (2016-present),12,21.1,3.5
1425,Audi,RS5,B9 Sportback 2.9 V6 Turbo (2017-present),Audi/RS5/B9 Sportback 2.9 V6 Turbo (2017-present),19.8,25.8,2.8
66,Bentley,Continental,Continental  GT Speed/Super Sport (2012-present),Bentley/Continental/Continental GT Speed/Super Sport (2012-present),30.5,38.5,11.1
67,Bentley,Continental,Continental GT (2011-present),Bentley/Continental/Continental GT (2011-present),30.5,38.5,11.1
65,BMW,3er,E90/E92 M3 4.0 V8 (2007-2013),BMW/3er/E90/E92 M3 4.0 V8 (2007-2013) ,22.3,22,11.7
69,BMW,3er,F30/F31 320i/328i (N26B20)(2014-2015),BMW/3er/F30/F31 320i/328i (N26B20)(2014-2015),12.8,19.3,4.9
70,BMW,3er,F34 320GT/330GT (B48B20)(2016-present),BMW/3er/F34 320GT/330GT (B48B20)(2016-present),14.3,19.4,3.2
71,BMW,3er,F30/F31 320i/330i (B48B20)(2015-present),BMW/3er/F30/F31 320i/330i (B48B20)(2015-present) ,14.3,19.4,3.2
73,BMW,3er,F30/F31 320i/328i (N20B20)(2011-2014),BMW/3er/F30/F31 320i/328i (N20B20)(2011-2014),12.8,19.3,4.9
75,BMW,3er,F30/F31 335i (N55B30)(2011-2015),BMW/3er/F30/F31 335i (N55B30)(2011-2015),16,22,6.4
77,BMW,3er,F34 320GT/328GT (N20B20)(2013-2015),BMW/3er/F34 320GT/328GT (N20B20)(2013-2015),12.8,19.3,4.9
78,BMW,3er,F34 335GT (N55B30)(2013-2015),BMW/3er/F34 335GT (N55B30)(2013-2015),16,22,5.4
79,BMW,4er,F36 Gran Coupe 435i (N55B30)(2014-2015),BMW/4er/F36 Gran Coupe 435i (N55B30)(2014-2015),16,22,5.4
80,BMW,3er,F80 M3 (2014-present),BMW/3er/F80 M3 (2014-present),22.5,30.3,3.5
81,BMW,5er,F10 520i/528i (2011-2016),BMW/5er/F10 520i/528i (2011-2016),12.8,19.3,4.5
82,BMW,5er,F10 M5 (2011-2016),BMW/5er/F10 M5 (2011-2016) ,29.7,37.4,2.1
83,BMW,6er,F12 Convertible M6/F13 Coupe M6 (2012-present),BMW/6er/F13 Coupe M6 (2012-present),29.7,37.4,2.1
85,BMW,2er,F22 M235i (2014-2015),BMW/2er/F22 M235i (2014-2015),17.1,24.8,1.3
86,BMW,4er,F82 Coupe/F83 Convertible M4 (2014-present),BMW/4er/F82 Coupe/F83 Convertible M4 (2014-present),22.5,30.3,3.5
87,BMW,4er,F32 Coupe/F33 Convertible 435i (N55B30)(2011-2015),BMW/4er/F32 Coupe/F33 Convertible 435i (N55B30)(2011-2015),16,22,6.4
88,BMW,4er,F32 Coupe/F33 Convertible 420i/428i (N20B20)(2011-2014),BMW/4er/F32 Coupe/F33 Convertible 420i/428i (N20B20)(2011-2014),12.8,19.3,4.9
89,BMW,4er,F32 Coupe/F33 Convertible 420i/428i (N26B20)(2014-2015),BMW/4er/F32 Coupe/F33 Convertible 420i/428i (N26B20)(2014-2015),12.8,19.3,4.9
90,BMW,4er,F36 Gran Coupe 420i/428i (N26B20)(2014-2015),BMW/4er/F36 Gran Coupe 420i/428i (N26B20)(2014-2015),12.8,19.3,4.9
91,BMW,4er,F32 Coupe/F33 Convertible 420i/430i (B48B20)(2016-present),BMW/4er/F32 Coupe/F33 Convertible 420i/430i (B48B20)(2016-present),13.4,16.5,5.4
92,BMW,4er,F36 Gran Coupe 420i/430i (B48B20)(2016-present),BMW/4er/F36 Gran Coupe 420i/430i (B48B20)(2016-present),13.4,16.5,5.4
93,BMW,5er,F10 535i (2011-2016)(RWD model only),BMW/5er/F10 535i (2011-2016)(RWD model only),16,22,5.7
97,BMW,4er,F36 Gran Coupe 420i/428i (N20B20)(2011-2014),BMW/4er/F36 Gran Coupe 420i/428i (N26B20)(2014-2015),12.8,27.5,4.9
123,BMW,2er,F87 M2 (2016-present),BMW/2er/F87 M2 (2016-present),19.6,22.1,1.3
152,BMW,1er,F20/F21 M135i (2012-2015),BMW/1er/F20/F21 M135i (2012-2015),17.1,24.8,1.3
171,BMW,3er,F30/F31 340i (B58B30)(2016-present),BMW/3er/F30/F31 340i (B58B30)(2016-present) ,13.4,16.5,5.4
173,BMW,4er,F32 Coupe/F33 Convertible 440i (B58B30)(2016-present),BMW/4er/F32/F33 440i (B58B30)(2016-present) ,13.4,16.5,5.4
174,BMW,4er,F36 Gran Coupe 440i (B58B30)(2016-present),BMW/4er/F36 440i (B58B30)(2016-present) ,13.4,16.5,5.4
1286,BMW,2er,F22 M240i (2016-present),Coup? (F22)  M240i ( B58B30) 2017-present ,17,32,2.1
1287,BMW,1er,F20 F21 M140i (2016-present),BMW  hatchback (F20 / F21) M140i 2016-present ,17,32,2.1
1313,BMW,X5,xDrive 35i F15,BMW X5 xDrive 35i F15 (2014-present ),16,22,4.5
1340,BMW,5er,G30 G31 520i/530i (2017-present),BMW/5er/G30/G31 520i/530i (2017-present),13.4,16.5,5.4
1381,BMW,5er,F90 M5 (2017-present),BMW/5er/F90 M5 (2017-present) ,30.1,36.5,2.6
1388,BMW,5er,G30 G31 M550i xDrive (2017-present),BMW/5er/G30/G31 M550i xDrive (2017-present),25.1,29.8,2.5
1389,BMW,5er,G30 G31 540i (2017-present),BMW/5er/G30 G31 540i/540xi (2017-present),13.4,16.5,4.8
1403,BMW,2er,F87 M2 Competition (2019-present),BMW/2er/F87 M2 Competition (2019-present),22.5,30.3,4.1
1408,BMW,3er,G20 320i/330i (2019-present),BMW/3er/G20 320i/330i (2019-present) ,12.8,17.5,5.2
1426,BMW,X2,X2 xDrive 20i B48B20 (2018-present),BMW X2 xDrive 20i (2018-present),7.8,11.2,
51,Chevrolet,Corvette,Z06 LT4 (2014-present),Chevrolet/Corvette/Z06 LT4 (2014-present),17.3,24.7,1.5
53,Chevrolet,Corvette,Stingray/Grand Sport LT1 (2014-present),Chevrolet/Corvette/Stingray/Grand Sport LT1 (2014-present),18,24.1,1.5
1427,Dodge,Challenger,SRT Hellcat / Hellcat Redeye (2014-present),Dodge/Challenger/SRT Hellcat (2018-present),,,
23,Ferrari,599 GTB,6.0 V12 (2006-2012),Ferrari/599 GTB/6.0 V12 (2006-2012),26.4,26,14.9
24,Ferrari,599 GTO,6.0 V12 (2011-2012),Ferrari/599 GTO/6.0 V12 (2011-2012),26.4,26,14.9
25,Ferrari,F12 Berlinetta,6.3 V12 (2012-present),Ferrari/F12 Berlinetta/6.3 V12 (2012-present),29.2,28.7,17.7
28,Ferrari,F458,4.5 V8 (2010-2015),Ferrari/F458/4.5 V8 (2010-2015),22.5,22.7,8.4
29,Ferrari,California,4.3 V8 (2008-2013),Ferrari/California/4.3 V8 (2008-2013),19.3,21.2,12.4
189,Ferrari,F488 GTB / Spider / Pista,3.9 Biturbo (2015-present),Ferrari/488 GTB/3.9 V8 (2015-present),25.4,22.5,-
1395,Ferrari,812 Superfast,6.5L V12 (2017-present),Ferrari/812 Superfast/6.5L V12 (2017-present),22,23,-
54,Ford,Mustang 2.3 EcoBoost,2.3 turbo MK6 (2015-present),Ford Mustang (MK6) 2.3 ecoBoost (2015-present),16.4,23.9,4.7
56,Ford,Mustang GT,5.0 V8 MK6 (2015-2017),Ford/Mustang GT/5.0 V8 MK6 (2015-2017),13.4,18,4.5
170,Ford,Focus RS,2.3 Turbo (2015-present),Ford/Focus RS (MKIII)/2.3L Turbo (2016-present),14.2,15.8,2.3
1384,Ford,Mustang GT,5.0 V8 MK6 Facelift (2018-present),Ford/Mustang GT/5.0 V8 MK6 Facelift (2018-present),13.4,18,4.2
164,Honda,Civic Type-R,FK2 (2015-2017)(For LHD model),Honda/Civic Type-R/FK2 (2015-2017)(For LHD model) ,16.2,22,5.4
183,Honda,Acura,NSX MK2,Honda/Acura/NSX/MK2 (2016-present),29.5,29,22
1383,Honda,Civic Type-R,FK8 (2017-present),Honda/Civic Type-R/FK8 (2017-present),18,23,6.2
39,Lamborghini,Aventador,6.5 V12 LP700-4/LP720-4 (2011-present),Lamborghini/Aventador/6.5 V12 LP700-4/LP720-4 (2011-present),29.6,29,34.5
40,Lamborghini,Gallardo,5.2 V10 LP550-2/560-4/570-4 (2007-2013),Lamborghini/Gallardo/5.2 V10 LP550/560/570 (2007-2013),21.7,22.7,18.5
41,Lamborghini,Huracan,5.2 V10 LP610-4 (2014-present),Lamborghini/Huracan/5.2 V10 LP610 (2014-present),24.1,23.5,18.2
42,Lamborghini,Murcielago,6.5L V12 LP670-4 SV (2009-2010),Lamborghini/Murcielago/6.5L V12 LP670 SV (2009-2010),26.4,27.7,71.3
43,Lamborghini,Murcielago,6.5L V12 LP640-4 (2006-2010),Lamborghini/Murci??lago/6.5L V12 LP640 (2006-2010),25.3,27.7,71.3
133,Lamborghini,Aventador,6.5 V12 LP750-4 SV  (2011-present),Lamborghini/Aventador/6.5 V12 LP750-4 SV (2011-present),29.6,29,34.5
185,Lamborghini,Huracan,5.2 V10 LP580-2 (2016-present),Lamborghini/Huracan/5.2 V10 LP580-2 (2016-present),24.1,23.5,18.2
1385,Lamborghini,Aventador,6.5 V12 LP740-4 S (2016-present),Lamborghini/Aventador/6.5 V12 LP740-4 S (2016-present),29.6,29,34.5
1418,Lamborghini,Urus,Twin-turbo 4L V8 (2018-present),Lamborghini/Urus/Twin-turbo 4.0 V8 (2016-present),36,32,5.8
121,Land Rover,Range Rover Evoque,PURE/SE 2.0 Turbo (2011-present),Land Rover/Range Rover Evoque/PURE/SE 2.0 Turbo (2011-present),12.7,18.7,2.2
122,Land Rover,Range Rover Evoque,DYNAMIC 2.0 Turbo (2011-present),Land Rover/Range Rover Evoque/DYNAMIC 2.0 Turbo (2011-present),12.7,18.7,2.2
55,Lexus,RCF,5.0 V8 (2014-present),Lexus/RCF/5.0 V8 (2014-present),18.8,22.3,2.3
1382,Lexus,LC500,5.0 V8 (2017-present),Lexus/LC500/5.0 V8 (2017-present),19,23,2.5
1412,Lexus,IS 200t / 300,2.0 Turbo I4 (2015-present),Lexus/IS200t IS300/2.0 I4 (2015-present),,,
1396,Maserati,Ghibli,Ghibli/Ghibli S 3.0L V6 Twin turbo (2013-present),Maserati/ Ghibli/ Ghibli S / 3.0L V6 Twin turbo (2013-present),,,
1401,Maserati,Ghibli,Ghibli SQ4 3.0L V6 Twin turbo (2013-present),Maserati/ Ghibli SQ4 / 3.0L V6 Twin turbo (2013-present),,,
32,McLaren,570S / 570GT / 540C,Twin-Turbo 3.8 V8 (2015-present),McLaren 570S / 570GT / 540C Twin-Turbo 3.8 V8 (2015-present),29.8,33,3.4
33,McLaren,650S,Twin-Turbo 3.8 V8 (2015-present),McLaren/650S/Twin-Turbo 3.8 V8 (2015-present),34,37.3,5.1
34,McLaren,MP4-12C,Twin-Turbo 3.8 V8 (2011-2014),McLaren/MP4-12C/Twin-Turbo 3.8 V8 (2011-2014),31.3,33,5.1
1380,McLaren,720S,4.0lL twin-turbo V8,McLaren 720S 4.0L Twin-Turbo V8 (2017-present),36,38,4.5
1417,McLaren,600LT,Twin-turbo 3.8L V8 (2019-present),McLaren 600LT / Twin-Turbo 3.8 V8 (2019-present),28,34,1.1
99,Mercedes Benz,A-Klasse,W176 A180/A200/A250 (2012-2015),Mercedes Benz/A-Klasse/W176 A180 A200 A250 (2012-2015),6.5,11,3.6
101,Mercedes Benz,A-Klasse,W176 A180/A200/A250 Facelift (2016-2018),Mercedes Benz/A-Klasse/W176 A180/A200/A250 (2016-2018),8.3,13.8,7
104,Mercedes Benz,A-Klasse,W176 A45 AMG (2013-present),Mercedes Benz/A-Klasse/W176 A45 (2013-present),18.8,24.8,3.6
105,Mercedes Benz,CLA-Klasse,C117 CLA180/CLA200/CLA250 2WD (2013-2018),Mercedes Benz/CLA-Klasse/C117 CLA180/CLA200 (2013-2015),8.3,13.8,3.6
107,Mercedes Benz,CLA-Klasse,C117 CLA250 4 Matic (2013-2018),Mercedes Benz/CLA-Klasse/C117 CLA250 4 Matic (2013-2015) ,11.2,10.3,7
109,Mercedes Benz,CLA-Klasse,C117 CLA45 AMG (2013-present),Mercedes Benz/CLA-Klasse/C117 CLA45 (2013-present),19.9,26.1,4.1
115,Mercedes Benz,CLA-Shooting Brake,X117 CLA45 Shooting Brake (2015-2016),Mercedes Benz/CLA-Shooting Brake/X117 CLA45 Shooting Brake (2015-2016),19.9,26.1,4.1
120,Mercedes Benz,GLA-Klasse,X156 GLA45 AMG (2013-present),Mercedes Benz/GLA-Klasse/X156 GLA45 (2013-present),18.8,24.8,3.4
126,Mercedes Benz,C-Klasse,W204 C63 6.3 V8 AMG (2008-2014),Mercedes Benz/C-Klasse/W204 C63 6.3 V8 (2008-2014),18,25.2,11.4
129,Mercedes Benz,C-Klasse,W205 S205 C205 C200/C250/C300 2WD/4-Matic (2014-present),Mercedes Benz/C-Klasse/W205 C200/C250/C300 2WD/4-Matic (2014-present),11.2,19.3,2.1
130,Mercedes Benz,C-Klasse,W205 C63/C63S 4.0 V8 Turbo AMG (2014-present),Mercedes Benz/C-Klasse/W205 C63/C63S 4.0 V8 Turbo (2014-present),25.2,35.8,5
131,Mercedes Benz,C-Klasse,W204 C180/C200/C250 1.8 Turbo (2011-2014),Mercedes Benz/C-Klasse/W204 C180/C200/C250 1.8 Turbo (2011-2014),13.8,16.3,0
132,Mercedes Benz,C-Klasse,W205 C400/C450/C43 AMG (2014-present),Mercedes Benz/C-Klasse/W205 C400/C450/C43 (2014-present),19.5,28.6,2.4
162,Mercedes Benz,CLA-Shooting Brake,X117 CLA200/CLA250 Shooting Brake 2WD (2015-2016),Mercedes Benz/CLA-Shooting Brake/X117 CLA200 Shooting Brake 2wd(2015-2016) ,8.3,13.8,3.6
179,Mercedes Benz,GLC-Klasse,Benz   X253 GLC250/GLC300  SUV (2016-present),Mercedes Benz X253 GLC250/GLC300 4MATIC (2016-present) ,13.8,16.3,1
180,Mercedes Benz,GLE-Klasse,GLE63 / GLE63 S Coupe AMG V8 Biturbo (2016-present),Mercedes Benz GLE63 AMG COUPE (2016-present) ,25.2,35.8,5
187,Mercedes Benz,GLC-Klasse,Benz C253 GLC250/GLC300 Coupe (2016-present),Mercedes Benz C253 GLC250/GLC300 4MATIC (2016-present) ,13.8,16.3,1
188,Mercedes Benz,GLC-Klasse,Benz X253 GLC43 AMG Coupe/SUV (2017-present),Mercedes AMG  X253 GLC43 Coupe/SUV(2017-present) ,12.1,20.4,2
1386,Mercedes Benz,GLE-Klasse,GLE43/GLE400/GLE450 Coupe/SUV AMG (2016-present),Mercedes Benz GLE43/GLE400/GLE450 COUPE AMG (2016-present) ,19.5,28.6,3.5
1391,Mercedes Benz,E-Klasse,W213 E200/E250/E300 (2016-present),Mercedes Benz/E-Klasse/W213 E200/E250/E300 (2016-present),11.2,19.3,2.1
1404,Mercedes Benz,E-Klasse,W213 E43/E400 AMG (2016-2018),Mercedes Benz/E-Klasse/W213 E43/E400 AMG (2014-present),19.5,28.6,2.4
1405,Mercedes Benz,C-Klasse,W205 C300 Facelift (2019-present),Mercedes Benz/C-Klasse/W205 C300 Facelift (2019-present),12.5,21.2,2.5
1406,Mercedes Benz,A-Klasse,W177 A250 (2018-present),Mercedes Benz/A-Klasse/W177 A250 (2018-present),9.6,14.5,6.5
1413,Mercedes Benz,E-Klasse,W213 E200/E300 Coupe (2016-present),Mercedes Benz/E-Klasse/W213 E200/E300 Coupe (2016-present),11.2,19.3,2.1
1419,Mercedes Benz,E-Klasse,W213 E63/E63S AMG (2016-present),Mercedes Benz/E-Klasse/W213 E63/E63S AMG (2016-present),25.2,35.8,5
1420,Mercedes Benz,G-Klasse,W463A G500/G550 4.0L V8 biturbo (2018-present),Mercedes Benz/G-Klasse/W464 G500/G550 (2018-present),15.3,11.2,3.5
1428,Mercedes Benz,GLA-Klasse,X156 GLA180/200/250  2WD/4WD (2014-2018),Mercedes Benz/GLA-Klasse/X156 GLA2505 (2014-2018),8,12.8,3
1429,Mercedes Benz,GLC-Klasse,GLC250 / GLC300 Facelift (2019-present),Mercedes Benz X253 GLC250/GLC300 Facelift (2019-present) ,12.5,21.2,2.6
59,MINI,Cooper S,F56 2.0 turbo (3-door Hatch) (2014- present),MINI/Cooper S/F56 2.0 turbo (3-door Hatch) (2014- present) ,10,15.4,4.4
60,MINI,Cooper S,F55 2.0 turbo (5-door Hatch) (2014- present),MINI/Cooper S/F55 2.0 turbo (5-door Hatch) (2014- present),10,15.4,4.4
46,Nissan,GT-R R35,3.8 Twin-Turbo V6 (2007-2016),Nissan/GT-R R35/R35 3.8 Twin-Turbo V6 (2007-2016),29.8,36.6,2.3
49,Nissan,370Z,3.7 V6 (2009-present),Nissan/370Z/3.7 V6 (2009-present),13,15.4,1.9
135,Nissan,GT-R R35,3.8 Twin-Turbo V6 (2017-present),Nissan/GT-R R35/3.8 Twin-Turbo V6 (2017-present),29.8,34.8,2.3
22,Porsche,911 Turbo,930 3.0 Turbo (1975-1977)/3.3 Turbo(1978-1989),Porsche/911 Turbo/930 3.0 Turbo (1975-1977)/3.3 Turbo(1978-1989),N/A,N/A,1.8
26,Porsche,Boxster,987.2 PDK /Boxster S /Black edition/ Spyder (2009-2012),Porsche/Boxster/987.2 PDK /Boxster S /Black edition/ Spyder (2009-2012),10.5,14.4,2.2
27,Porsche,Boxster,981  Boxster / S /GTS/ Spyder (2012-2016),Porsche 981 Boxster/S/GTS/Spyder (2012-2016),15.2,24.4,1.6
31,Porsche,Boxster,718  Boxster / Boxster S (2016-present),Porsche 718 Boxster & S / 4-cylinder turbocharged 2.0-litre / 2.5-litre engine (2016-present),9.3,12.4,1.9
35,Porsche,911 Carrera,997.1 Carrera S/4S (2004-2008),Porsche/911 Carrera/997.1 Carrera /Carrera 4 /Carrera S /Carrera 4S (2004-2008),12.8,15.5,2.7
36,Porsche,911 Turbo,997.1 3.6 Turbo (2006-2008),Porsche/911 Turbo/997.1 3.6 Turbo (2006-2008) ,26.1,38.5,12.2
37,Porsche,911 Carrera,997.2 PDK Carrera S/4S (2009-2012),Porsche/911 Carrera/997.2 PDK Carrera /Carrera 4 /Carrera S /Carrera 4S (2009-2012),13.6,16.4,0.5
38,Porsche,911 Carrera,991.1 Carrera S/4S/GTS (2012-2015),Porsche/911 Carrera/991.1 Carrera /Carrera 4 /Carrera S /Carrera 4S/GTS (2012-2015),13.8,16.4,5.8
44,Porsche,911 GT3,991 GT3/GT3 RS (2013-present),Porsche/911 GT3/991 GT3/GT3 RS (2013-present),18.8,18.5,
45,Porsche,911 Turbo,991.1 Turbo/Turbo S  (2013-2015),Porsche/911 Turbo/991.1 Turbo/Turbo S (2013-2015),27.2,39.1,0.5
47,Porsche,Panamera,970 / 4 / S / 4S / GTS (2009-2014),Porsche/Panamera/970 Panamera / 4 / S / 4S / GTS (2009-2014),12.1,16.4,2.3
50,Porsche,Macan,S/GTS  3.0 V6 Turbo (2014-present),Porsche/Macan/S/GTS 3.0 V6 Turbo (2014-present),17.8,25.3,1.2
52,Porsche,Macan,2.0 Turbo (2014-present),Porsche/Macan/2.0 Turbo (2014-present),13.2,20.4,2.2
84,Porsche,Macan,Turbo  3.6 V6 Turbo (2014-present),Porsche/Macan/Macan Turbo 3.6 V6 Turbo (2014-present),20.9,30.3,1.2
116,Porsche,911 Turbo,930 3.3 Turbo (1978-1989),Porsche/911 Turbo/930 3.3 Turbo (1978-1989),17.3,22.7,1.8
117,Porsche,911 Carrera,"991.2 Carrera""Sport exhaust version"" S/4S/GTS (2016-present)","Porsche 991.2 ""Sport Models""Carrera S/4/4S/GTS/ 2016-present ",19.8,22,5.6
157,Porsche,Cayman,987.2 PDK Cayman / S / R (2009-2012),Porsche/Cayman/987.2 PDK Cayman / S / R (2009-2012),9.5,11.3,3.6
158,Porsche,Cayman,718 Cayman /Cayman S  (2016-present),Porsche 718 Cayman & S / 4-cylinder turbocharged 2.0-litre / 2.5-litre engine (2016-present),15.7,20.9,3.4
159,Porsche,Cayman,981 Cayman / S/ GTS/ GT4 (2012-2016),Porsche/Cayman/981 Cayman / S/ GTS/ GT4 (2012-2016),10.8,12.2,2.8
184,Porsche,911 Carrera,"991.2 Carrera""Quad tips version"" S/4S/GTS (2016-present)","Porsche 991.2 ""Base Models""Carrera S/4/4S/GTS/ 2016-present ",19.8,22,5.6
1288,Porsche,Panamera,971 Panamera 4 3.0L V6 Turbo (2016-present),Porsche Panamera 971 / 4 3.0L V6 Turbo (2016-present),19,21,3.6
1322,Porsche,911 Turbo,991.2 Turbo/Turbo S (2016-present),Porsche/911 Turbo/991.2 Turbo/Turbo S (2016-present ),17.3,22.7,1.8
1387,Porsche,Panamera,971 Panamera 4S / 4 E-Hybrid 2.9L V6 Twin Turbo (2017-present),Porsche Panamera 971 4S/4 E-Hybrid 2.9L V6 Twin Turbo (2016-present),23,25,5.6
1409,Porsche,Cayenne,3.0 Turbo (2018-present),Porsche/Cayenne/3.0 Turbo (2018-present),19,21,3.9
1414,Porsche,Cayenne,S 2.9 Turbo (2018-present),Porsche/Cayenne S/2.9 Turbo (2018-present),23,25,5.6
1416,Porsche,Macan,2.0 Turbo Facelift (2019-present),Porsche/Macan/2.0 Turbo Facelift (2019-present),15,18,4.5
1402,Seat,Leon,Cupra / Cupra 280 2.0 TSI turbo (2014-present),Seat/Leon Cupra / Cupra 280 2.0 TSI turbo (2014-present),12,19.3,9.1
1421,Toyota,Supra,MK5 3.0L B58B30 I6 (2019-present),Toyota/Supra/B58B20 3.0L I6 (2019-present),17,32,3.5
1422,Toyota,Supra,MK5 2.0L B48B20 I4 (2019-present),Toyota/Supra/B48B20 2.0L I4 (2019-present),,,
16,Volkswagen,Golf 6,GTI 2.0 Turbo (2008-2013),Volkswagen/Golf 6/Golf gti 2.0 Turbo (2008-2013),11,15.4,14.9
17,Volkswagen,Golf 6,R20 2.0 Turbo (2008-2013),Volkswagen/Golf 6/Golf R20 2.0 Turbo (2008-2013) ,14.2,19.3,5.1
19,Volkswagen,Golf 7 / 7.5,MK7/7.5 GTI 2.0 Turbo (2013-present),Volkswagen/Golf 7/7.5 gti 2.0 Turbo (2013-present),12,19.3,9.1
20,Volkswagen,Golf 7 / 7.5,MK7 R 2.0 Turbo (2013-2016),Volkswagen/Golf 7/Golf R 2.0 Turbo (2013-2016) ,15.7,20.9,4.4
21,Volkswagen,Scirocco,R 2.0l TSI (2008-present),Volkswagen/Scirocco/R 2.0l TSI 280PS ,10.4,15.4,14.9
1390,Volkswagen,Golf 7 / 7.5,MK7.5 R 2.0 Turbo (2016-present),Volkswagen/Golf 7/7.5/ Golf R 2.0 Turbo (2016-present) ,15.7,20.9,4.4
